,,206 - eastern shore,,2/26/26,,,,,,,,2.27,,,,Cases,Bags, Cost 
,TYPE,Description, price ,Bags,Cases,Units,Gross $,Discount $,Promo $,Net $,,Cases,Bags, Cost ,Total,169,"1,722","$6,538.62"
,,DEEP RIVER,,,,,,,,,,,,,Invoice #:  ,,,
1,D/RIV/S,000040 - 1.49 Dr Orig Ch, $ 1.05 ,24,6.00,144,151.20,0.00,0.00,151.20,25.2,,0, $ -   ,WH Cases:  ,,,
2,D/RIV/S,000042 - 1.4 Dr S/v Chip, $ 1.05 ,24,2.00,48,50.40,0.00,0.00,50.40,,,0, $ -   ,WH Amount:  ,,,
,D/RIV/S, 000051 - 1.4 Dill Pickle, $ 1.05 ,24,3.00,72,75.60,0.00,0.00,75.60,,,0, $ -   ,Load #:  ,,,
3,D/RIV/S, 000043 - 1.4 Dr Jalp Chp, $ 1.05 ,24,3.00,72,75.60,0.00,0.00,75.60,,,0, $ -   ,DRV Cases:  ,,,
4,D/RIV/S, 000045 - 1.49 Dr BBQ Ch, $ 1.05 ,24,3.00,72,75.60,0.00,0.00,75.60,,,0, $ -   ,DRV Amount:  ,,,
5,D/RIV/S, 000049 - 1.49 Dr Sc/o Ch, $ 1.05 ,24,1.00,24,25.20,0.00,0.00,25.20,,,0, $ -   ,,,,
1,D/RIV/L, 010008 - Dr Org Sltd K, $ 3.70 ,12,5.00,60,222.00,0.00,48.00,174.00,,,0, $ -   ,,,,
2,D/RIV/L, 010009 - Dr Mesq BBQ, $ 3.70 ,12,3.00,36,133.20,0.00,28.80,104.40,,,0, $ -   ,,,,
3,D/RIV/L, 010010 - Dr Slt&vngr, $ 3.70 ,12,4.00,48,177.60,0.00,38.40,139.20,,,0, $ -   ,,,,
4,D/RIV/L, 010011 - Dr Swt Mui Oni, $ 3.70 ,12,2.00,24,88.80,0.00,19.20,69.60,,,0, $ -   ,,,,
5,D/RIV/L, 010012 - Dr Zsty Jlp, $ 3.70 ,12,2.00,24,88.80,0.00,19.20,69.60,,,0, $ -   ,,,,
6,D/RIV/L, 010013 - Dr Sco, $ 3.70 ,12,1.00,12,44.40,0.00,0.00,44.40,,,0, $ -   ,,,,
,,,,,,,,,,,,0,0, $ -   ,,,,
,,.50 CENTS, price ,Bags,Cases,Units,Gross $,Discount $,Promo $,Net $,,Cases,Bags, Cost ,,,,
1,CHIPS , 027124 - .50 W Pln Chips, $ 0.36 ,40,8.00,96,84.48,0.00,0.00,84.48,,,0, $ -   ,,,,
2,CHIPS , 027185 - .50  Honey/bbq, $ 0.36 ,40,19.25,770,277.20,0.00,0.00,277.20,,,0, $ -   ,,,,
3,CHIPS , 028748 - .50 W O/g Chips, $ 0.36 ,40,,,,,,,,,0, $ -   ,,,,
4,CHIPS , 027519 - .50 W BBQ Chips, $ 0.36 ,40,27.95,1174,422.64,0.00,0.00,422.64,,,0, $ -   ,,,,
5,RIDGIES, 028749 - .50 W Chd/sc Ri, $ 0.36 ,40,68.60,686,2325.54,0.00,513.78,1811.76,,,0, $ -   ,,,,
6,RIDGIES, 027511 - .50 W  SCO  Ri, $ 0.36 ,40,68.60,686,2325.54,0.00,513.78,1811.76,,,0, $ -   ,,,,
7,CHIPS , 028758 - .50 Ny Deli Jal, $ 0.36 ,40,1.60,24,55.20,0.00,(14.40),69.60,,,0, $ -   ,,,,
8,CHIPS , 028757 - .50 Orig Ny Deli, $ 0.36 ,40,20.00,20,298.00,0.00,2.40,295.60,,,0, $ -   ,,,,
9,POPCORN, 027197 - .50 Wh/chd Pop, $ 0.36 ,42,20.00,800,288.00,0.00,0.00,288.00,,,0, $ -   ,,,,
10,POPCORN, 027036 - .50 Butter Pop, $ 0.36 ,42,26.00,1092,393.12,0.00,0.42,392.70,,,0, $ -   ,,,,
11,POPCORN, 028635 - .50 Hot Chz Pop, $ 0.36 ,42,80.10,801,2715.39,0.00,623.84,2091.55,,,0, $ -   ,,,,
12,DIPSY, 027064 - .50 W Dipsy Doo, $ 0.36 ,42,96.00,4032,1451.52,0.00,0.00,1451.52,,,0, $ -   ,,,,
13,DIPSY, 028768 - .50 BBQ Dipsy, $ 0.36 ,42,28.00,280,949.20,0.00,247.20,702.00,,,0, $ -   ,,,,
14,DOODLE, 027388 - .50 W Chrn Dood, $ 0.36 ,42,19.00,798,287.28,0.00,0.00,287.28,,,0, $ -   ,,,,
15,PUFF, 028119 - .50 W BBQ hny Puff, $ 0.36 ,42,10.00,400,144.00,0.00,0.00,144.00,,,0, $ -   ,,,,
,, 028786  .50 Fiery, $ 0.36 ,42,10.00,400,144.00,0.00,0.00,144.00,,,0, $ -   ,,,,
,, 028750  .50 Hot Honey, $ 0.36 ,42,10.00,400,144.00,0.00,0.00,144.00,,,0, $ -   ,,,,
16,PUFF, 027043 - .50 W Puff Doodle, $ 0.36 ,42,28.00,1176,423.36,0.00,0.42,422.94,,,0, $ -   ,,,,
17,ONION , 027074 - .50 W Onion Rng, $ 0.36 ,36,183.00,6588,2371.68,0.00,0.00,2371.68,,,0, $ -   ,,,,
,,,,,,,,,,,,0,0, $ -   ,,,,
,,2.49 PRODUCTS, price ,Bags,Cases,Units,Gross $,Discount $,Promo $,Net $,,Cases,Bags, Cost ,,,,
1,CHIPS ,028725- 2.49 onion garlic, $ 1.79 ,18,,,,,,,,,0, $ -   ,, ,,
2,CHIPS, 028723 - 2.49 Pln Chips, $ 1.79 ,18,,,,,,,,,0, $ -   ,,,,
3,CHIPS, 028724 - 2.49 Hny BBQ Ch, $ 1.79 ,18,,,,,,,,,0, $ -   ,,,,
4,PUFF, 028734 - 2.49 Puff Doodl, $ 1.79 ,18,,,,,,,,,0, $ -   ,,,,
5,PUFF, 028736 - 2.49 Hot/hny Do, $ 1.79 ,18,,,,,,,,,0, $ -   ,,,,
6,POPCORN, 028737 - 2.49 Wht C Pop, $ 1.79 ,16,,,,,,,,,0, $ -   ,,,,
7,POPCORN, 028739 - 2.49 Hot Pop, $ 1.79 ,16,,,,,,,,,0, $ -   ,,,,
8,POPCORN, 028738 - 2.49 Butter Pop, $ 1.79 ,16,,,,,,,,,0, $ -   ,,,,
9,RIDGIES, 028732 - 2.49 Sc/o Ridgi, $ 1.79 ,18,,,,,,,,,0, $ -   ,,,,
10,RIDGIES ,028731 -  2.49 plain ridges, $ 1.79 ,18,,,,,,,,,0, $ -   ,,,,
11,ONION , 028740 - 2.49 Onion Ring, $ 1.79 ,16,,,,,,,,,0, $ -   ,,,,
,,,,,,,,,,,,0,0, $ -   ,,,,
,,4.79 PRODUCTS,,,,,,,,,,,,,,,,
,,Description, price ,Bags,Cases,Units,Gross $,Discount $,Promo $,Net $,,,Bags, Cost ,,,,
1,DIPSY, 028469 - 4.79 Dipsy Dodl, $ 3.39 ,10,51.79,504,1708.56,0.00,432.54,1276.02,,,0, $ -   ,,,,
2,DISPSY, 028136 - 4.79 BBQ Dipsy, $ 3.39 ,10,46.92,563,1908.57,0.00,505.10,1403.47,,,0, $ -   ,,,,
3,DOODLE, 028441 - 4.79 Crunchy Do, $ 3.39 ,9,38.00,380,1288.20,0.00,325.20,963.00,,20,180, $ 610.20 ,,,,
4,PUFF, 028718 - 4.79 Hot/hny Pf, $ 3.39 ,12,17.50,210,711.90,0.00,190.20,521.70,,11,132, $ 447.48 ,,,,
5,PUFF, 028443 - 4.79 Puff Doodl, $ 3.39 ,12,13.00,78,660.66,0.00,114.12,546.54,,6,72, $ 244.08 ,,,,
6,RIDGIES, 028754 - 4.79 Pln Ridgie, $ 3.39 ,12,31.92,383,1298.37,0.00,350.54,947.83,,,0, $ -   ,20,,,
7,RIDGIES, 028756 - 4.79 Ch/sc Ridg, $ 3.39 ,12,2.78,50,89.50,0.00,0.00,89.50,,,0, $ -   ,20,,,
8,RIDGIES, 028755 - 4.79 Sc/o Ridg, $ 3.39 ,12,3.94,71,127.09,0.00,0.00,127.09,,,0, $ -   ,10,,,
9,POPCORN, 027452 - 4.79 Wht Ched Pop, $ 3.39 ,10,1.00,24,55.92,0.00,0.00,55.92,,21,210, $ 711.90 ,20,,,
10,POPCORN, 028290 - 4.79 Hot Popcrn, $ 3.39 ,10,17.00,102,863.94,0.00,140.10,723.84,,5,50, $ 169.50 ,,,,
11,POPCORN, 027453 - 4.79 Butter Pop, $ 3.39 ,10,38.00,456,1545.84,0.00,397.80,1148.04,,28,280, $ 949.20 ,20,,,
12,CHIPS , 028666 - 4.79 BBQ Chips, $ 3.39 ,12,32.00,320,1084.80,0.00,295.60,789.20,,,0, $ -   ,,,,
13,CHIPS, 028667 - 4.79 Honey BBQ, $ 3.39 ,12,56.00,2352,846.72,0.00,0.00,846.72,,20,240, $ 813.60 ,10,,,
14,CHIPS, 028664 - 4.79 L/salt Chp, $ 3.39 ,12,77.92,935,3169.65,0.00,823.14,2346.51,,,0, $ -   ,,,,
15,CHIPS, 028663 - 4.79 Gold Plain Chip, $ 3.39 ,12,23.83,286,969.54,0.00,207.24,762.30,,20,240, $ 813.60 ,need 40,,,
16,CHIPS, 028668 - 4.79 O/g Chip, $ 3.39 ,12,95.42,1145,3881.55,0.00,930.38,2951.17,,,0, $ -   ,,,,
17,ONION, 028751 - 4.79 Onion Ring, $ 3.39 ,12,6.00,108,193.32,0.00,15.66,177.66,,15,180, $ 610.20 ,20,,,
,,,,,,,,,,,,146,1584," $ 5,369.76 ",,,,
,,SALSA, price ,Bags,Cases,Units,Gross $,Discount $,Promo $,Net $,,Cases,Bags, Cost ,,,,
1,Onion, 028163 - 4.99 F/onion Dp, $ 3.59 ,12,5.00,90,161.10,0.00,0.00,161.10,,,0, $ -   ,,,,
2,Cheese, 028168 - 4.99 Con Queso, $ 3.59 ,12,4.89,88,157.52,0.00,0.00,157.52,,,0, $ -   ,,,,
3,Tomato,428819 Wise Chunky Salsa Med 15oz  4.99  Salsa, $ 3.59 ,12,,,,,,,,,0, $ -   ,,,,
4,Tomato,28818 Wise Chunky Salsa Mild 15oz, $ 3.59 ,12,,,,,,,,,0, $ -   ,,,,
5,, 027657 - 3.19 Rf Kettle, $ 2.30 ,15,,,,,,,,,0, $ -   ,,,,
6,Cheese, 028200 - 3.29 Nacho Ch.d, $ 2.33 ,24,,,,,,,,,0, $ -   ,,,,
7,Onion, 028206 - 3.29 Fr.on. Dip, $ 2.33 ,24,,,,,,,,,0, $ -   ,,,,
8,Onion, 027078 - .99 Gr.onion Dp, $ 0.88 ,12,,,,,,,,,0, $ -   ,,,,
,,,,,,,,,,,,0,0, $ -   ,,,,
,,VARIETY PACK, price ,Bags,Cases,Units,Gross $,Discount $,Promo $,Net $,,Cases,Bags, Cost ,,,,
1,V/pk, 028678 - 10.99 Flv V/pk, $ 8.47 ,6,6.00,96,171.84,0.00,13.92,157.92,,5,30, $ 254.10 ,,,,
2,V/pk, 028677 - 10.99 V/pack, $ 8.47 ,6,10.00,160,286.40,0.00,9.28,277.12,,18,108, $ 914.76 ,,,,
3,V/pk, 027620 - 50 Ct Variety P, $ 14.90 ,1,18.00,288,515.52,0.00,4.64,510.88,,,0, $ -   ,,,,
,,,,,,,,,,,,23,138," $ 1,168.86 ",,,,
,,CRUNCH TIME , price ,Bags,Cases,Units,Gross $,Discount $,Promo $,Net $,,Cases,Bags, Cost ,,,,
1,Crunch T, 200097 - Caramel Pop, $ 0.69 ,24,1.00,24,16.56,0.00,0.00,16.56,,,0, $ -   ,,,,
2,Crunch T, 200100 - Kettle Corn, $ 0.69 ,24,24,24,24,24,24,24,24,,0, $ -   ,,,,
3,Crunch T,200101 - Cotton candie, $ 0.69 ,24,24,24,24,24,24,24,24,,0, $ -   ,,,,
4,,Popcorn Candy, $ 0.69 ,24,,,,,,,,,0, $ -   ,,,,
,,,,,,,,,,,,0,0, $ -   ,,,,
,,CANDY , price ,Bags,Cases,Units,Gross $,Discount $,Promo $,Net $,,Cases,Bags, Cost ,,,,
1,, 777713 - Gummy Bear 6 Oz, $ 2.50 ,16,1.00,16,40.00,0.00,0.00,40.00,,,0, $ -   ,,,,
2,, 777720 - Watermelon 6 Oz, $ 2.50 ,16,1.00,16,40.00,0.00,0.00,40.00,,,0, $ -   ,,,,
3,, 777723 - Nord Fish 6 Oz, $ 2.50 ,16,1.00,16,40.00,0.00,0.00,40.00,,,0, $ -   ,,,,
4,, 777771 - Strawberry 6 Oz, $ 2.50 ,16,1.00,16,40.00,0.00,0.00,40.00,,,0, $ -   ,,,,
5,, 777774 - Raspberry Belts, $ 2.50 ,16,1.00,16,40.00,0.00,0.00,40.00,,,0, $ -   ,,,,
6,, 777776 - Fun Wheels 6 Oz, $ 2.50 ,16,1.00,16,40.00,0.00,0.00,40.00,,,0, $ -   ,,,,
7,, 777779 - Peach Hear 6 Oz, $ 2.50 ,16,1.00,16,40.00,0.00,0.00,40.00,,,0, $ -   ,,,,
,,,,,1682.65,39421,46510.20,0.00,7892.89,38617.31,,0,0, $ -   ,,,,
,,Snacks,,,,,,,,,,,,,,,,
,,1780528 Toffe peanuts  Snak size,1.29,12,,,,,,,,,0, $ -   ,,,,
,,1780739 CrunchuyPeanuts Snack size,1.29,12,,,,,,,,,0, $ -   ,,,,
,,1780640 Tajin Peanuts Snack size,1.29,12,,,,,,,,,0, $ -   ,,,,
,,1780916 Tangy Chili Sanck size,1.29,12,,,,,,,,,0, $ -   ,,,,
,,Tropical train mix Snak size,2.65,6,,,,,,,,,0, $ -   ,,,,
,,Yogurt Trail Mix Sank size,1.29,12,,,,,,,,,0, $ -   ,,,,
,,1780460 Energizer Trail Mix Snak size,1.29,12,,,,,,,,,0, $ -   ,,,,
,,1780904 Mango rings snack size,1.29,12,,,,,,,,,0, $ -   ,,,,
,,1780589 peach ring snack size,1.29,12,,,,,,,,,0, $ -   ,,,,
,,1780600 watermelon rings sanck size,1.29,12,,,,,,,,,0, $ -   ,,,,
,,1721906 gummy bears snack size,2.65,6,,,,,,,,,0, $ -   ,,,,
,,1721419 Banana chip snak size,2.65,6,,,,,,,,,0, $ -   ,,,,
,,1745460 energizer tril mix  grab & run,0.99,12,,,,,,,,,0, $ -   ,,,,
,,1745454 Yogurt trail mix grab & run,0.99,12,,,,,,,,,0, $ -   ,,,,
,,1745528 toffee peanut grab & run,0.99,12,,,,,,,,,0, $ -   ,,,,
,,1745456 fancy trail mix grab & run,0.99,12,,,,,,,,,0, $ -   ,,,,
,,1745643 Tajin toated corng grab & run,0.99,12,,,,,,,,,0, $ -   ,,,,
,,1745640 tajin peanuts gran & run,0.99,12,,,,,,,,,0, $ -   ,,,,
,,,,,,,,,,,,0,0,0.00,,,,
,,SMOOTHIES, price ,Bottles,Cases,Units,Gross $,Discount $,Promo $,Net $,,Cases,Bottles, Cost ,,,,
1,,Strawberry Smoothies,,6,,,,,,,,,,,,,,
2,,Mango Smoothies,,6,,,,,,,,,,,,,,
3,,Strawberry-Bannana Smothies,,6,,,,,,,,,,,,,,
4,,Watermelon Smoothies,,6,,,,,,,,,,,,,,
5,,Pina Colada smoothies,,6,,,,,,,,,,,,,,
6,,Grape Smoothies,,6,,,,,,,,,,,,,,
7,,Guava Smoothies,,6,,,,,,,,,,,,,,
,,,,,,,,,,,,0,0,0,,,,
,,,,,,,,,,,,,,,,,,
,,Total,,,,,,,,,,169,"1,722","6,538.62",,,,
,,,,Cases,,,,,,,,Amount,, Made / Load ,,,,
,,Invoice # ________________________________,,_________,,,,,,,,_________,,_________,,,,
,,Load #__________________________________,,_________,,,,,,,,_________,,_________,,,,
,,,,,,,,,,,,,,,,,,
,,,,,,,,,,,,,,   ,,,,