ID,Store Number,Store Name,Address,City,State,Zip Code,Route Number,Driver,Region,Territory,Sub-Territory,Latitude,Longitude,Last Visited
02342,02342,Shoppers 2342,6300 Coventry Way,Clinton,MD,20735,207,Route 207 Driver,Prince George's County,Prince George's County,Prince George's County,38.7649,-76.8984,
02347,02347,Shoppers 2347,3441 Fort Meade Rd,Maryland City,MD,20724,100,Route 100 Driver,Unassigned,Unassigned,Unassigned,39.102,-76.8135,
02353,02353,Shoppers 2353,806 Largo Center Dr,Largo,MD,20774,100,Route 100 Driver,Unassigned,Unassigned,Unassigned,38.8976,-76.8303,
02377,02377,Shoppers 2377,2950 Donnell Dr,Forestville,MD,20747,207,Route 100 Driver,Unassigned,Unassigned,Unassigned,38.8488,-76.8747,2025-10-23 20:25:01
02379,02379,Shoppers 2379,13600 Baltimore Ave Suite100,LAUREL,MD,20707,100,Route 100 Driver,Unassigned,Unassigned,Unassigned,39.0993,-76.8483,
02383,02383,Shoppers 2383,10501 Martin Luther King Jr. Hwy,Bowie,MD,20720,207,Route 207 Driver,Prince George's County,Prince George's County,Prince George's County,38.943,-76.7312,
02650,02650,Shoppers 2650,4720 CHERRY HILL RD,COLLEGE PARK,MD,20740,100,Route 100 Driver,Unassigned,Unassigned,Unassigned,38.9807,-76.9369,
02692,02692,Shoppers 2692,7051 MLKING HWY,LANDOVER,MD,,100,Route 100 Driver,Unassigned,Unassigned,Unassigned,38.934,-76.8973,
07,07,Wegmans 07,45131 COLUMBIA PLACE,STERLING,VA,20166,,Wegmans Route Driver,Unassigned,Unassigned,Unassigned,39.0064,-77.4286,2025-09-17 13:05:57
07540,07540,Shoppers 7540,5457 BALTIMORE NATIONAL PIKE,BALTIMORE,MD,21229,100,Route 100 Driver,Unassigned,Unassigned,Unassigned,39.2904,-76.6122,
07568,07568,Shoppers 7568,2000 GWYNNS FALLS PKWY,BALTIMORE,MD,21215,100,Route 100 Driver,Unassigned,Unassigned,Unassigned,39.29066146722824,-76.61518858409427,
07573,07573,Shoppers 7573,5600 THE ALAMEDA,BALTIMORE,MD,21239,100,Route 100 Driver,Unassigned,Unassigned,Unassigned,39.29405256857405,-76.60743987995825,
100,1668,Food Lion 1668,350 MOUNTAIN RD,PASADENA,MD,21122,104,Route 104 Driver,Anne Arundel County,Anne Arundel County,Anne Arundel County,39.1073,-76.5714,2025-10-23 19:52:48
101,CASH-MD-11,Geresbecks G-1,7931 Baltimore Annapolis Blvd,Glen Burnie,MD,21060,104,Route 104 Driver,Anne Arundel County,Anne Arundel County,Anne Arundel County,39.1626,-76.6247,2025-10-30 10:55:44
102,53,Wegmans 53,21 Wegmans Blvd,Abingdon,MD,21009,104,Route 104 Driver,Harford County,Harford County,Harford County,39.4618,-76.2858,2025-10-22 21:10:04
103,1547,Food Lion 1547,2250 HANSON RD,EDGEWOOD,MD,21040,214,Route 214 Driver,Harford County,Harford County,Harford County,39.4187,-76.2945,2025-10-23 11:10:56
104,RED-40,Redners 40,1002 JOPPA FARM RD,Joppa,MD,21085,214,Route 214 Driver,Harford County,Harford County,Harford County,39.4373,-76.3567,2025-10-23 20:01:22
105,1413,Food Lion 1413,8635 WALTHER BLVD,NOTTINGHAM,MD,21236,104,Route 104 Driver,Baltimore County,Baltimore County,Baltimore County,39.3804,-76.4905,2025-10-23 19:56:23
106,542,Shop Rite 542,37 W AYLESBURY RD,TIMONIUM,MD,21093,104,Route 104 Driver,Baltimore County,Baltimore County,Baltimore County,39.437,-76.6199,2025-10-22 21:11:59
107,1664,Food Lion 1664,122 CRANBROOK RD,COCKEYSVILLE,MD,21030,104,Route 104 Driver,Baltimore County,Baltimore County,Baltimore County,39.4812,-76.6438,2025-10-23 19:56:57
108,CASH-MD-12,Walmart,1 Frankel Wy,Cockeysville,MD,21030,104,Route 104 Driver,Baltimore County,Baltimore County,Baltimore County,39.48146146722824,-76.64678858409427,
109,568,Shop Rite 568,4601 LIBERTY HEIGHTS AVE,Baltimore,MD,21207,104,Route 104 Driver,Baltimore City,Baltimore City,Baltimore City,39.28153673022289,-76.613762833599,2025-10-23 09:40:55
110,7568,Shoppers,2000 GWYNNS FALLS PKWY,Baltimore,MD,21215,104,Route 104 Driver,Baltimore City,Baltimore City,Baltimore City,39.300520697349754,-76.61864759530016,
111,Al-7573,Shoppers,5600 THE ALAMEDA,Baltimore,MD,21239,104,Route 104 Driver,Baltimore City,Baltimore City,Baltimore City,39.28651771432346,-76.59771111260567,
112,CASH-MD-13,Lucky 7 EZ Mart,4419 York Rd,Baltimore,MD,21212,104,Route 104 Driver,Baltimore City,Baltimore City,Baltimore City,39.282088524961765,-76.6281661949972,
113,CASH-MD-14,Royal Star,1152 E North Ave,Baltimore,MD,21202,104,Route 104 Driver,Baltimore City,Baltimore City,Baltimore City,39.3101335450365,-76.60501757699016,
114,CASH-MD-15,Almonte Market,2332 E Hoffman St,Baltimore,MD,21213,104,Route 104 Driver,Baltimore City,Baltimore City,Baltimore City,39.268226891219726,-76.60301559762324,2025-09-03 12:57:24
115,CASH-MD-16,H&P,3859 Elmley Ave,Baltimore,MD,21213,104,Route 104 Driver,Baltimore City,Baltimore City,Baltimore City,39.301810693067,-76.63667031025,
116,CASH-MD-17,Giant Martin 116,24 Rising Sun Town Ctr,Rising Sun,MD,21911,214,Route 214 Driver,Cecil County,Cecil County,Cecil County,39.697,-76.0629,2025-10-23 19:57:52
117,1363,Food Lion 1363,2500 W Pulasky HWY,North East,MD,21901,214,Route 214 Driver,Cecil County,Cecil County,Cecil County,39.6001,-75.9414,2025-10-23 19:58:31
118,2630,Food Lion 2630,5301 Pulasky HWY,Perryville,MD,21903,214,Route 214 Driver,Cecil County,Cecil County,Cecil County,39.5601,-76.0714,2025-10-23 19:59:08
119,548,Shop Rite,949 Beards Hill Rd,Aberdeen,MD,21001,214,Route 214 Driver,Harford County,Harford County,Harford County,39.5093,-76.1641,
120,551,Shop Rite,1321 RIVERSIDE PKWY,Belcamp,MD,21017,214,Route 214 Driver,Harford County,Harford County,Harford County,39.4707,-76.2443,
121,549,Shop Rite,5 BEL AIR SOUTH PKWY,Bel Air,MD,21015,214,Route 214 Driver,Harford County,Harford County,Harford County,39.5359,-76.3483,
122,547,Shop Rite,223 N Main St,Bel Air,MD,21014,214,Route 214 Driver,Harford County,Harford County,Harford County,39.53616146722824,-76.35128858409426,
123,545,Shop Rite,2101 ROCK SPRING RD,Forest Hill,MD,21050,214,Route 214 Driver,Harford County,Harford County,Harford County,39.5804,-76.3847,
124,555,Shop Rite,1606 DOOLEY RD,Cardiff,MD,21160,214,Route 214 Driver,Harford County,Harford County,Harford County,39.5903,-76.437,
126,1423,Food Lion 1423,2458 CHURCHVILLE RD,Bel Air,MD,21015,104,Route 104 Driver,Harford County,Harford County,Harford County,39.53955256857405,-76.34353987995824,2025-10-23 20:00:00
127,CASH-MD-19,Redners,2126 N Fountain Green Rd,Bel Air,MD,21015,104,Route 104 Driver,Harford County,Harford County,Harford County,39.52703673022289,-76.34986283359899,
129,950,Food Lion,511 E BALTIMORE ST,TANEYTOWN,MD,21787,104,Route 104 Driver,Carroll County,Carroll County,Carroll County,39.6559,-77.174,2025-09-03 14:53:44
130,2587,Food Lion 2587,140 ENGLAR RD,WESTMINSTER,MD,21157,104,Route 104 Driver,Carroll County,Carroll County,Carroll County,39.5754,-76.9958,2025-10-31 12:27:36
131,2193,Food Lion 2193,3000 GAMBER RD,FINKSBURG,MD,21048,104,Route 104 Driver,Carroll County,Carroll County,Carroll County,39.4963,-76.8888,2025-10-31 12:29:33
132,CASH-MD-20,Martins Giant 132,1320 Londontown Blvd,Eldersburg,MD,21784,104,Route 104 Driver,Carroll County,Carroll County,Carroll County,39.4037,-76.9517,2025-10-31 14:16:46
133,1238,Food Lion 1238,11800 OLD NATIONAL PIKE,NEW MARKET,MD,21774,104,Route 104 Driver,Frederick County,Frederick County,Frederick County,39.3922,-77.2768,2025-11-19 13:52:10
134,1442,Food Lion,6920 CRESTWOOD BLVD,FREDERICK,MD,21703,104,Route 104 Driver,Frederick County,Frederick County,Frederick County,39.4143,-77.4105,2025-12-03 13:57:21
135,1162,Food Lion,2060 YELLOW SPRING RD,FREDERICK,MD,21702,110,Route 104 Driver,Frederick County,Frederick County,Frederick County,39.41456146722824,-77.41348858409427,2025-09-04 14:13:45
136,CASH-MD-21,Wegmans,7830 Wormans Mill Rd,Frederick,MD,21701,104,Route 104 Driver,Frederick County,Frederick County,Frederick County,39.41795256857405,-77.40573987995825,
137,2551,Walmart,209 E Ridgeville Blvd,Mt Airy,MD,21771,104,Route 104 Driver,Carroll County,Carroll County,Carroll County,39.3763,-77.1548,
138,1465,Food Lion 1465,1312 S MAIN ST STE 4,MOUNT AIRY,MD,21771,104,Route 104 Driver,Carroll County,Carroll County,Carroll County,39.3763,-77.1548,2025-10-31 12:29:18
139,2611,Food Lion 2611,705 LISBON CENTER DR,WOODBINE,MD,21797,104,Route 104 Driver,Carroll County,Carroll County,Carroll County,39.3327,-77.0639,2025-11-12 10:53:09
14,14,Wegmans 14,122 SHAWAN RD,HUNT VALLEY,MD,21030,0,Wegmans Route Driver,Unassigned,Unassigned,Unassigned,39.4984,-76.6413,
140,1412,Food Lion 1412,8508 LIBERTY RD,Randallstown,MD,21133,104,Route 104 Driver,Baltimore County,Baltimore County,Baltimore County,39.3667,-76.7948,2025-10-22 21:10:53
47,47,Wegmans 47,8855 MCGRAW RD,COLUMBIA,MD,21045,0,Wegmans Route Driver,Unassigned,Unassigned,Unassigned,39.2037,-76.861,
54,54,Wegmans 54,7830 WORMANS MILL RD,FREDERICK,MD,21703,201,Route 201 Driver,Maryland Central,Maryland Central,Maryland Central,39.40543673022289,-77.412062833599,
60,60,Wegmans 60,1413 SOUTH MAIN CHAPEL WAY,GAMBRILLS,MD,21054,0,Wegmans Route Driver,Unassigned,Unassigned,Unassigned,39.0671,-76.6654,
61,5167,HQCNEL ANNAPOLIS,694 KINCAID RD,Annapolis,MD,21402,100,Route 100 Driver,Anne Arundel County,Anne Arundel County,Anne Arundel County,38.9784,-76.4922,
62,2655,Food Lion 2517,2655 Anapolis Rd,Hanover,MD,21076,207,Route 100 Driver,Anne Arundel County,Anne Arundel County,Anne Arundel County,39.1929,-76.7242,2025-10-21 11:22:01
63,1474,Food Lion 1474,8741 Piney Orchard Pkwy,Odenton,MD,21113,207,Route 100 Driver,Anne Arundel County,Anne Arundel County,Anne Arundel County,39.084,-76.7001,2025-11-19 12:27:26
64,MEA-7573,Shoppers Fort meade,3441 Fort Meade Rd,Maryland City,MD,20724,108,Route 100 Driver,Anne Arundel County,Anne Arundel County,Anne Arundel County,39.10226146722824,-76.81648858409427,2025-10-23 10:44:52
65,2501,Food Lion,8300 ICE CRYSTAL DR,Scaggsville,MD,20723,207,Route 207 Driver,Howard County,Howard County,Howard County,39.1453,-76.8789,
66,287,Weis,6551 Waterloo Rd,Elkridge,MD,21075,100,Route 100 Driver,Howard County,Howard County,Howard County,39.2126,-76.7136,
67,56,Wegmans 56,20600 Seneca Meadows Pkwy,Germantown,MD,20874,0,Route 100 Driver,Montgomery County,Montgomery County,Montgomery County,39.1732,-77.2716,2025-10-23 12:37:57
68,CASH-MD-1,Shoppers,18066 Mateny Rd,Germantown,MD,20874,100,Route 100 Driver,Montgomery County,Montgomery County,Montgomery County,39.17346146722824,-77.27458858409427,
69,1661,Food Lion 1661,845 ROCKVILLE PIKE,Rockville,MD,20852,108,Route 100 Driver,Montgomery County,Montgomery County,Montgomery County,39.084,-77.1528,2025-10-29 11:56:41
70,1414,Food Lion 1414,9500 CRAIN HWY,UPPER MARLBORO,MD,20772,207,Route 100 Driver,Prince George's County,Prince George's County,Prince George's County,38.816,-76.7497,2025-11-19 12:27:10
71,WEG-40,Wegmans 40,9001 McHugh Dr,Lanham,MD,20706,207,Route 100 Driver,Prince George's County,Prince George's County,Prince George's County,38.969,-76.8614,2025-10-23 20:24:00
73,276,Weis 276,15789 Livingston Rd,Accokeek,MD,20607,207,Route 100 Driver,Prince George's County,Prince George's County,Prince George's County,38.6736,-77.0209,2025-10-23 20:18:55
74,2566,Food Lion 2566,12675 Laurel Bowie Rd,Laurel,MD,20708,207,Route 100 Driver,Prince George's County,Prince George's County,Prince George's County,39.09956146722824,-76.85128858409426,2025-11-19 12:33:25
75,1662,Food Lion,410 SANDY SPRINGS RD,Laurel,MD,20707,207,Route 100 Driver,Prince George's County,Prince George's County,Prince George's County,39.102952568574054,-76.84353987995824,2025-11-04 10:53:38
76,2650,Shoppers,4720 CHERRY HILL RD,College Park,MD,20740,100,Route 100 Driver,Prince George's County,Prince George's County,Prince George's County,38.98096146722824,-76.93988858409426,
79,CASH-MD-4,Shoppers,5820 Silver Hill Rd,Forestville,MD,20747,100,Route 100 Driver,Prince George's County,Prince George's County,Prince George's County,38.84906146722824,-76.87768858409427,
80,CASH-MD-5,Shoppers,4801 Marlboro Pike,Capitol Heights,MD,20743,100,Route 100 Driver,Prince George's County,Prince George's County,Prince George's County,38.8851,-76.9158,
81,CASH-MD-6,Walmart,6210 Annapolis Rd,Landover Hills,MD,20784,207,Route 207 Driver,Prince George's County,Prince George's County,Prince George's County,38.943,-76.89,
82,CASH-MD-7,Shoppers,7790 RIVERDALE RD,Hyattsville,MD,20784,207,Route 207 Driver,Prince George's County,Prince George's County,Prince George's County,38.9559,-76.9453,
84,656,Food Lion 656,40955 MERCHANT LN,LEONARDTOWN,MD,20650,207,Route 100 Driver,Southern Maryland,Southern Maryland,Southern Maryland,38.2909,-76.6356,2025-11-12 10:24:15
85,1319,Food Lion 1319,30290 MOUNT WOLF RD,CHARLOTTE HALL,MD,20622,207,Route 100 Driver,Southern Maryland,Southern Maryland,Southern Maryland,38.48,-76.7781,2025-10-29 11:00:11
86,1316,Food Lion 1316,2960 MARSHALL HALL RD,BRYANS ROAD,MD,20616,207,Route 100 Driver,Southern Maryland,Southern Maryland,Southern Maryland,38.6282,-77.0727,2025-11-19 12:31:38
87,278,Weis Market 278,100 Drury Dr,La Plata,MD,20646,207,Route 100 Driver,Southern Maryland,Southern Maryland,Southern Maryland,38.529,-76.9752,2025-11-19 12:34:21
88,1184,Food Lion 1184,3200 OLD WASHINGTON RD,WALDORF,MD,20602,207,Route 100 Driver,Southern Maryland,Southern Maryland,Southern Maryland,38.6246,-76.9191,2025-11-19 12:26:57
89,2547,Food Lion 2547,191 ST PATRICKS DR,WALDORF,MD,20603,207,Route 100 Driver,Southern Maryland,Southern Maryland,Southern Maryland,38.62486146722824,-76.92208858409427,2025-11-19 12:28:20
90,41,Wegmans,Ridge Square NW,Washington,DC,20016,100,Route 100 Driver,Washington DC,Washington DC,Washington DC,38.9072,-77.0369,
91,1405,Food Lion 1405,1413 FUSELAGE AVE,MIDDLE RIVER,MD,21220,214,Route 214 Driver,Baltimore County,Baltimore County,Baltimore County,39.3343,-76.4394,2025-10-23 19:54:03
92,CASH-MD-9,Geresbecks,2109 Eastern Blvd,Baltimore,MD,21220,104,Route 104 Driver,Baltimore City,Baltimore City,Baltimore City,39.299421173985124,-76.58358849147756,
93,7533,Shoppers,1200 EASTERN BLVD,Essex,MD,21221,214,Route 214 Driver,Baltimore County,Baltimore County,Baltimore County,39.3093,-76.4748,
94,1653,Food Lion 1653,1565 HYDE PARK RD,ESSEX,MD,21221,214,Route 214 Driver,Baltimore County,Baltimore County,Baltimore County,39.30956146722824,-76.47778858409427,2025-10-23 19:54:39
95,96,Redners 96,7938 EASTERN AVE,BALTIMORE,MD,21224,104,Route 104 Driver,Baltimore City,Baltimore City,Baltimore City,39.26182116167511,-76.6287,2025-10-23 19:55:44
96,2560,Food Lion 2560,7514 N POINT RD,EDGEMERE,MD,21219,104,Route 104 Driver,Baltimore County,Baltimore County,Baltimore County,39.2285,-76.4536,2025-10-22 21:08:23
97,2559,Food Lion 2559,7069 BALTIMORE ANNAPOLIS BLVD,GLEN BURNIE,MD,21061,104,Route 104 Driver,Anne Arundel County,Anne Arundel County,Anne Arundel County,39.16286146722824,-76.62768858409427,2025-10-23 19:51:12
98,CASH-MD-10,Walmart,6721 Chesapeake Center Dr,Glen Burnie,MD,21060,104,Route 104 Driver,Anne Arundel County,Anne Arundel County,Anne Arundel County,39.16625256857405,-76.61993987995825,
99,1543,Food Lion 1543,121 N CRAIN HWY,GLEN BURNIE,MD,21061,104,Route 104 Driver,Anne Arundel County,Anne Arundel County,Anne Arundel County,39.15373673022289,-76.626262833599,2025-10-23 19:52:07
CASH-DE-5,CASH-DE-5,Hockers,34960 Atlantic Ave,Ocean View,DE,19970,110,Route 110 Driver,Delaware,Ocean View,Ocean View,38.5432,-75.0886,
DE-1153-DE-19,1153,Food Lion 1153,12158 BRITTINGHAM LN,Princess Anne,MD,21853,206,Route 206 Driver,Eastern Shore Maryland,Princess Anne,Princess Anne,38.204,-75.6887,2025-11-24 12:33:52
DE-1158-DE-20,1158,Food Lion 1158,6 WASHINGTON ST,Cambridge,MD,21613,110,Route 110 Driver,Eastern Shore Maryland,Cambridge,Cambridge,38.5632,-76.0789,2025-11-19 12:01:27
DE-1179-DE-21,1179,Food Lion 1179,4092 LANKFORD HWY,Exmore,VA,23350,110,Route 110 Driver,Virginia Eastern Shore,Exmore,Exmore,37.5326,-75.8228,2025-10-22 18:01:39
DE-1206-DE-22,1206,Food Lion 1206,32 N DUPONT HWY,SELBYVILLE,DE,19975,110,Route 110 Driver,Delaware,SELBYVILLE,SELBYVILLE,38.4605,-75.221,2025-10-22 17:07:36
DE-1211-DE-23,1211,Food Lion 1211,1216 Nanticoke RD,SALISBURY,MD,21801,110,Route 110 Driver,Eastern Shore Maryland,SALISBURY,SALISBURY,38.3607,-75.5994,2025-10-22 17:24:08
DE-1268-DE-24,1268,Food Lion 1268,232 Tilghman Road,SALISBURY,MD,21804,106,Route 106 Driver,Eastern Shore Maryland,SALISBURY,SALISBURY,38.36096146722824,-75.60238858409427,2025-10-28 10:59:03
DE-1294-DE-25,1294,Food Lion,951 N Dupont blvd,Milford,DE,19963,106,Route 106 Driver,Delaware,Milford,Milford,38.9126,-75.4279,2025-10-28 11:25:51
DE-1297-DE-26,1297,Food Lion 1297,3344 Hayman Dr,Federalsburg,MD,21632,110,Route 110 Driver,Eastern Shore Maryland,Federalsburg,Federalsburg,38.694,-75.7727,2025-10-29 10:36:48
DE-1313-DE-27,1313,Food Lion 1313,300 THOMPSON CREEK MALL,Stevensville,MD,21666,110,Route 110 Driver,Eastern Shore Maryland,Stevensville,Stevensville,38.9801,-76.3146,2025-11-19 11:47:12
DE-1369-DE-28,1369,Food Lion 1369,501 W Main St,Middletown,DE,19709,110,Route 110 Driver,Delaware,Middletown,Middletown,39.4495,-75.7163,2025-10-30 10:54:15
DE-1385-DE-29,1385,Food Lion,1030 FOREST AVE,Dover,DE,19904,110,Route 110 Driver,Delaware,Dover,Dover,39.1582,-75.5244,2025-09-08 13:22:20
DE-1419-DE-30,1419,Food Lion,250 GATEWAY SOUTH BLVD,Dover,DE,19901,110,Route 110 Driver,Delaware,Dover,Dover,39.15846146722824,-75.52738858409427,
DE-1426-DE-31,1426,Food Lion 1426,215 STADIUM ST,Smyrna,DE,19977,110,Route 110 Driver,Delaware,Smyrna,Smyrna,39.2998,-75.6046,2025-10-30 11:15:22
DE-1458-DE-61,1458,Food Lion 1458,30214 SUSSEX HWY UNIT 5,Laurel,DE,19956,110,Route 110 Driver,Delaware,Laurel,Laurel,38.5562,-75.5713,2025-11-19 11:49:34
DE-1560-DE-32,1560,Food Lion 1560,206 N Fruitland Blvd,Fruitland,MD,21826,110,Route 110 Driver,Eastern Shore Maryland,Fruitland,Fruitland,38.3223,-75.6199,2025-10-22 21:36:57
DE-2117-DE-33,2117,Food Lion 2117,31810 River Rd,Millington,MD,21651,110,Route 110 Driver,Eastern Shore Maryland,Millington,Millington,39.254,-75.8363,2025-11-19 11:59:43
DE-2123-DE-34,2123,Food Lion,37468 LION DR,Selbyville,DE,19975,106,Route 106 Driver,Delaware,Selbyville,Selbyville,38.460761467228245,-75.22398858409427,2025-10-29 09:41:36
DE-2224-DE-35,2224,Food Lion,22954 SUSSEX HWY,SEAFORD,DE,19973,110,Route 110 Driver,Delaware,SEAFORD,SEAFORD,38.6413,-75.611,2025-09-15 12:10:50
DE-246-DE-11,246,Food Lion 246,11801 COASTAL HWY,Ocean City,MD,21842,110,Route 110 Driver,Eastern Shore Maryland,Ocean City,Ocean City,38.3365,-75.0849,2025-10-30 10:47:25
DE-2508-DE-37,2508,Food Lion 2508,22485 Lankford Hwy,Cape Charles,VA,23310,110,Route 110 Driver,Virginia Eastern Shore,Cape Charles,Cape Charles,37.2646,-75.9221,2025-10-22 18:02:35
DE-2521-DE-38,2521,Food Lion 2521,9537 Bridgeville Center Rd,Bridgeville,DE,19933,110,Route 110 Driver,Delaware,Bridgeville,Bridgeville,38.7426,-75.6044,2025-11-19 11:48:10
DE-2561,2561,Food Lion 2561,110 BROADKILL RD,Milton,DE,19968,106,Route 106 Driver,Delaware,Milton,Milton,38.782,-75.3093,2025-11-25 11:20:10
DE-2614-DE-41,2614,Food Lion 2614,11007 MANKLIN CREEK RD,Berlin,MD,21811,110,Route 110 Driver,Eastern Shore Maryland,Berlin,Berlin,38.3226,-75.2177,2025-10-30 10:58:23
DE-2688-DE-42,2688,Food Lion 2688,1 JACKSONVILLE RD,Crisfield,MD,21817,110,Route 110 Driver,Eastern Shore Maryland,Crisfield,Crisfield,37.9834,-75.8534,2025-11-19 12:37:23
DE-397-DE-12,397,Food Lion 397,9936 STEPHEN DECATUR HWY,Ocean City,MD,21842,110,Route 110 Driver,Eastern Shore Maryland,Ocean City,Ocean City,38.33676146722824,-75.08788858409427,2025-10-30 10:53:34
DE-490-DE-13,490,Food Lion 490,25102 Lankford Hwy,Onley,VA,23418,110,Route 110 Driver,Virginia Eastern Shore,Onley,Onley,37.6921,-75.7407,2025-10-21 14:02:39
DE-658-DE-14,658,Food Lion 658,10138 OLD OCEAN CITY BLVD,BERLIN,MD,21811,110,Route 110 Driver,Eastern Shore Maryland,BERLIN,BERLIN,38.32286146722824,-75.22068858409426,2025-10-30 11:03:15
DE-698-DE-15,698,Food Lion 698,840 S 5th ST,Denton,MD,21629,110,Route 110 Driver,Eastern Shore Maryland,Denton,Denton,38.8848,-75.8277,2025-10-29 10:16:44
DE-800-DE-16,800,Food Lion 800,817 Snow Hill Rd,Salisbury,MD,21804,110,Route 110 Driver,Eastern Shore Maryland,Salisbury,Salisbury,38.364352568574056,-75.59463987995825,2025-10-22 21:36:37
DE-875-DE-18,875,Food Lion 875,28544 DUPONT BLVD,Millsboro,DE,19966,106,Route 106 Driver,Delaware,Millsboro,Millsboro,38.5918,-75.2913,2025-10-27 12:12:48
DE-879-DE-17,879,Food Lion 879,38650 Sussex Hwy Unit 1,Delmar,DE,19940,110,Route 110 Driver,Delaware,Delmar,Delmar,38.4565,-75.5773,2025-11-19 11:50:15
DE-CASH-DE-1,CASH-DE-1,21st Street,2100 Philadelphia Ave,Ocean City,MD,21842,110,Route 110 Driver,Eastern Shore Maryland,Ocean City,Ocean City,38.340152568574055,-75.08013987995825,
DE-CASH-DE-10,CASH-DE-10,OC Convenience,1201 Atlantic Ave #104,Ocean City,MD,21842,110,Route 110 Driver,Eastern Shore Maryland,Ocean City,Ocean City,38.32763673022289,-75.086462833599,
DE-CASH-DE-11,CASH-DE-11,OC Dollar Plus,203 Philadelphia Ave,Ocean City,MD,21842,110,Route 110 Driver,Eastern Shore Maryland,Ocean City,Ocean City,38.346620697349756,-75.09134759530016,
DE-CASH-DE-12,CASH-DE-12,Ocean Exxon,324 Sunburst Hwy,Cambridge,MD,21613,110,Route 110 Driver,Eastern Shore Maryland,Cambridge,Cambridge,38.563461467228244,-76.08188858409427,
DE-CASH-DE-13,CASH-DE-13,Redners 13,1388 SALT CREEK DR,Dover,DE,19901,110,Route 110 Driver,Delaware,Dover,Dover,39.161852568574055,-75.51963987995825,2025-09-05 10:30:55
DE-CASH-DE-14,CASH-DE-14,Redners 56,24120 Zinfandel Ln,Lewes,DE,19958,110,Route 110 Driver,Delaware,Lewes,Lewes,38.7745,-75.1394,2025-10-31 13:32:40
DE-CASH-DE-15,CASH-DE-15,Redners 15,28253 LEXUS DR,Milford,DE,19963,110,Route 110 Driver,Delaware,Milford,Milford,38.91286146722824,-75.43088858409426,2025-10-22 17:04:13
DE-CASH-DE-16,CASH-DE-16,Redners 16,25 GREENTREE DR,Dover,DE,19904,110,Route 110 Driver,Delaware,Dover,Dover,39.14933673022289,-75.525962833599,2025-10-30 11:06:00
DE-CASH-DE-17,CASH-DE-17,Seaside Deli,7207 Coastal Hwy,Ocean City,MD,21842,110,Route 110 Driver,Eastern Shore Maryland,Ocean City,Ocean City,38.33261771432346,-75.07041111260567,
DE-CASH-DE-2,CASH-DE-2,Acme 2679,18578 Coastal Hwy,Lewes,DE,19958,110,Route 110 Driver,Delaware,Lewes,Lewes,38.774761467228245,-75.14238858409426,2025-09-03 14:27:03
DE-CASH-DE-3,CASH-DE-3,Exxon,100 Dominion Rd,Cambridge,MD,21613,110,Route 110 Driver,Eastern Shore Maryland,Cambridge,Cambridge,38.566852568574056,-76.07413987995825,
DE-CASH-DE-6,CASH-DE-6,G&E Hockers,695 Bethany Loop,Bethany Beach,DE,19930,110,Route 110 Driver,Delaware,Bethany Beach,Bethany Beach,38.5394,-75.0554,
DE-CASH-DE-7,CASH-DE-7,Hockers,34960 Atlantic Ave,Ocean View,DE,19970,110,Route 110 Driver,Delaware,Ocean View,Ocean View,38.5432,-75.0886,
DE-CASH-DE-8,CASH-DE-8,Linkwood Market,Linkwood,Linkwood,MD,21835,110,Route 110 Driver,Eastern Shore Maryland,MD,MD,38.536,-75.9444,
DE-CASH-DE-9,CASH-DE-9,Montego Bay Supermarket,12903 COASTAL HWY,Ocean City,MD,21842,110,Route 110 Driver,Eastern Shore Maryland,Ocean City,Ocean City,38.32818852496177,-75.10086619499721,
DE-DE-18,DE-18,Redners 18,515 College Park Dr,Georgetown,DE,19947,110,Route 110 Driver,Delaware,Georgetown,Georgetown,38.6904,-75.3857,2025-10-22 17:04:38
DE-DE-2225,DE-2225,Food Lion 2225,22954 SUSSEX HWY,SEAFORD,DE,19973,110,Route 110 Driver,Delaware,SEAFORD,SEAFORD,38.64156146722824,-75.61398858409427,2025-11-19 11:48:50
DE-DE-2522,DE-2522,Food Lion 2522,2466 CENTREVILLE RD,Centerville,MD,21617,110,Route 110 Driver,Eastern Shore Maryland,Centerville,Centerville,39.044,-76.0667,2025-11-19 12:00:18
DE-DE-2555,DE-2555,Food Lion 2555,7013 Lankford Hwy,Oak Hall,VA,23416,106,Route 106 Driver,Virginia Eastern Shore,Oak Hall,Oak Hall,37.9397,-75.5708,2025-11-14 12:04:21
DE-DE-272,DE-272,Weis Market,24832 JOHN J WILLIAMS HWY,Millsboro,DE,19966,110,Route 110 Driver,Delaware,Millsboro,Millsboro,38.59206146722824,-75.29428858409428,
DE-DE-2836,DE-2836,Acme 2836,236 E Glenwood Ave,Smyrna,DE,19977,110,Route 110 Driver,Delaware,Smyrna,Smyrna,39.30006146722824,-75.60758858409427,2025-10-30 10:49:08
DE-DE-293,DE-293,Acme 293,9507 COASTAL HWY,Ocean City,MD,21842,110,Route 110 Driver,Eastern Shore Maryland,Ocean City,Ocean City,38.3562335450365,-75.07771757699017,2025-10-30 10:48:48
DE-DE-3816,DE-3816,Acme 3816,460 E Main St,Middletown,DE,19709,110,Route 110 Driver,Delaware,Middletown,Middletown,39.44976146722824,-75.71928858409427,2025-10-30 10:50:25
DE-DE-3841,DE-3841,Acme,210 Marlboro Ave,Easton,MD,21601,110,Route 110 Driver,Eastern Shore Maryland,Easton,Easton,38.7743,-76.0763,
DE-DE-49,DE-49,Redners 49,17 WASHINGTON SQ,Chestertown,MD,21620,110,Route 110 Driver,Eastern Shore Maryland,Chestertown,Chestertown,39.209,-76.0697,2025-11-19 12:03:08
DE-DE-58,DE-58,Redners,2500 S DUPONT HWY,Camden,DE,19934,110,Route 110 Driver,Delaware,Camden,Camden,39.1134,-75.5417,
DE-DE-820,DE-820,Acme 820,611 RAILROAD AVE,Centerville,MD,21617,110,Route 110 Driver,Eastern Shore Maryland,Centerville,Centerville,39.04426146722824,-76.06968858409427,2025-11-19 12:03:52
DE-DE-821,DE-821,Acme,711 Washington Ave,Chestertown,MD,21620,110,Route 110 Driver,Eastern Shore Maryland,Chestertown,Chestertown,39.209261467228245,-76.07268858409427,
DE-DE-896,DE-896,Acme 896,751 S SALISBURY BLVD,SALISBURY,MD,21801,110,Route 110 Driver,Eastern Shore Maryland,SALISBURY,SALISBURY,38.35183673022289,-75.600962833599,2025-10-22 21:37:30
1216,1216,Food Lion 1216,231 Tippin Dr,Thurmont,MD,21788,104,Jose,Unassigned,Unassigned,Unassigned,39.6237,-77.4108,2026-01-13 13:02:15
1528,1528,Food Lion 1528,2004 MIDWAY DR,Milford,DE,19963,110,Route 110 Driver,Delaware,Milford,Milford,38.91625256857405,-75.42313987995824,2025-09-15 12:10:29
16,16,Wegmans 16,11620 MONUMENT DRIVE,FAIRFAX,VA,22030,0,Wegmans Route Driver,Unassigned,Unassigned,Unassigned,38.8462,-77.3064,
40,40,Wegmans 40,9001 MCHUGH DRIVE,LANHAM,MD,20706,0,Wegmans Route Driver,Unassigned,Unassigned,Unassigned,38.96926146722824,-76.86438858409427,
42,42,Wegmans 42,8297 STONEWALL SHOPS SQUARE,GAINESVILLE,VA,20155,201,Route 201 Driver,Virginia Northern,Virginia Northern,Virginia Northern,38.7943,-77.6131,
44,44,Wegmans 44,101 CROSSTRAIL BLVD SE,LEESBURG,VA,20175,0,Wegmans Route Driver,Unassigned,Unassigned,Unassigned,39.1157,-77.5636,
563,563,Shop Rite 563,14330 JARRETTSVILLE PIKE,PHOENIX,MD,21131,214,Route 214 Driver,Baltimore County,Baltimore County,Baltimore County,39.51026146722824,-76.59878858409427,
567,567,Shop Rite 567,2401 CLEANLEIGH DR,PARKVILLE,MD,21234,104,Route 104 Driver,Baltimore County,Unassigned,Unassigned,39.3771,-76.5397,
FDW06264,FDW06264,Fort Detrick Comm 6264,1510 Porter St,Frederick,MD,21702,201,Route 201 Driver,Maryland Central,Maryland Central,Maryland Central,39.42442069734975,-77.41694759530016,
FLW00331,FLW00331,Food Lion Store 331,1029 S Main St,Woodstock,VA,22664,201,Route 201 Driver,Virginia Northern,Virginia Northern,Virginia Northern,38.8821,-78.5065,
FLW00550,FLW00550,Food Lion Store 550,794 Shopping Center Rd,Strasburg,VA,22657,201,Route 201 Driver,Virginia Northern,Virginia Northern,Virginia Northern,38.9884,-78.3585,
FLW00663,FLW00663,Food Lion Store 663,96 Somerset Blvd,Charles Town,WV,25414,201,Route 201 Driver,West Virginia Eastern Panhandle,West Virginia Eastern Panhandle,West Virginia Eastern Panhandle,39.289,-77.86,
FLW00807,FLW00807,Food Lion Store 807,70 Morgan Square Unit 1,Berkeley,WV,25411,201,Route 201 Driver,West Virginia Eastern Panhandle,West Virginia Eastern Panhandle,West Virginia Eastern Panhandle,39.6263,-78.2271,2025-10-24 11:30:12
FLW00871,FLW00871,Food Lion Store 871,85 Maddex Square Dr,Shepherdstown,WV,25443,201,Route 201 Driver,West Virginia Eastern Panhandle,West Virginia Eastern Panhandle,West Virginia Eastern Panhandle,39.4318,-77.8039,
FLW01442,FLW01442,Food Lion 1442,6920 Crestwood Blvd,Frederick,MD,21703,104,Route 101 Driver,Maryland Central,Maryland Central,Maryland Central,39.41041771432346,-77.39601111260566,2026-01-13 13:02:41
FLW02194,FLW02194,Food Lion Store 2194,78 Worchester Dr,Falling Waters,WV,25419,201,Route 201 Driver,West Virginia Eastern Panhandle,West Virginia Eastern Panhandle,West Virginia Eastern Panhandle,39.5664,-77.8352,
FLW02233,FLW02233,Food Lion Store 2233,345 N Pennsylvania Ave,Hancock,MD,21750,201,Route 201 Driver,Maryland Western,Maryland Western,Maryland Western,39.6978,-78.1797,
FLW02257,FLW02257,Food Lion 2257,130 Duella Dr,Inwood,WV,25428,201,Route 201 Driver,West Virginia Eastern Panhandle,West Virginia Eastern Panhandle,West Virginia Eastern Panhandle,39.3576,-78.04,
GTW06104,GTW06104,Giant 6104,1729 Dual Hwy,Hagerstown,MD,21740,201,Route 201 Driver,Maryland Western,Maryland Western,Maryland Western,39.6418,-77.72,
GTW06275,GTW06275,Giant 6275,1650 C Wesel Blvd,Hagerstown,MD,21740,201,Route 201 Driver,Maryland Western,Maryland Western,Maryland Western,39.642061467228245,-77.72298858409427,
GTW06444,GTW06444,Giant 6444,18726 N Pointe Dr,Hagerstown,MD,21742,201,Route 201 Driver,Maryland Western,Maryland Western,Maryland Western,39.64545256857406,-77.71523987995825,
GTW06556,GTW06556,Giant 6556,22401 Jefferson Blvd,Smithsburg,MD,21783,201,Route 201 Driver,Maryland Western,Maryland Western,Maryland Western,39.6548,-77.5728,
MTW06078,MTW06078,Martins 6078,1950 S Pleasant Valley Rd,Winchester,VA,22601,201,Route 201 Driver,Virginia Northern,Virginia Northern,Virginia Northern,39.1857,-78.1633,
MTW06102,MTW06102,Martins 6102,190 Flowing Spring Rd,Charles Town,WV,25414,201,Route 201 Driver,West Virginia Eastern Panhandle,West Virginia Eastern Panhandle,West Virginia Eastern Panhandle,39.28926146722824,-77.86298858409427,
MTW06107,MTW06107,Martins 6107,901 Foxcroft Ave,Martinsburg,WV,25401,201,Route 201 Driver,West Virginia Eastern Panhandle,West Virginia Eastern Panhandle,West Virginia Eastern Panhandle,39.4563,-77.9639,
MTW06282,MTW06282,Martins 6282,409 South St,Front Royal,VA,22630,201,Route 201 Driver,Virginia Northern,Virginia Northern,Virginia Northern,38.918,-78.1944,
MTW06283,MTW06283,Martins 6283,400 Gateway Dr,Winchester,VA,22603,201,Route 201 Driver,Virginia Northern,Virginia Northern,Virginia Northern,39.18596146722824,-78.16628858409427,
MTW06295,MTW06295,Martins 6295,240 Elizabeth Dr,Stephens City,VA,22655,201,Route 201 Driver,Virginia Northern,Virginia Northern,Virginia Northern,39.0835,-78.213,
MTW06299,MTW06299,Martins 6299,200 Rivendell Ct,Winchester,VA,22603,201,Route 201 Driver,Virginia Northern,Virginia Northern,Virginia Northern,39.18935256857405,-78.15853987995825,
MTW06557,MTW06557,Martins 6557,147 Roaring Lion Dr,Hedgesville,WV,25427,201,Route 201 Driver,West Virginia Eastern Panhandle,West Virginia Eastern Panhandle,West Virginia Eastern Panhandle,39.5479,-77.989,
MTW06558,MTW06558,Martins 6558,409 McNeil St,Berryville,VA,22611,201,Route 201 Driver,Virginia Northern,Virginia Northern,Virginia Northern,39.1518,-77.9822,2025-10-24 11:14:18
MTW06560,MTW06560,Martins 6560,1317 Old Courthouse Dr,Martinsburg,WV,25404,201,Route 201 Driver,West Virginia Eastern Panhandle,West Virginia Eastern Panhandle,West Virginia Eastern Panhandle,39.45656146722824,-77.96688858409426,
NB-01,NB-01,Nothing Better LLC,123 Snack Time Ln,Salisbury,MD,21804,110,Route 110 Driver,Eastern Shore Maryland,Salisbury,Salisbury,38.3654,-75.5994,
Redner-54,Redner-54,Redner 54,N Fountain Green Rd,Bel Air,MD,21015,204,Sindy,Unassigned,Unassigned,Unassigned,39.54602069734975,-76.35474759530015,
WGW0115,WGW0115,Wegmans WGW0115,1835 CAPITAL ONE DRIVE SOUTH,TYSONS,VA,22102,0,Wegmans Route Driver,Unassigned,Unassigned,Unassigned,38.9187,-77.2311,
WGW0125,WGW0125,Wegmans WGW0125,10100 REISERSTOWN RD,OWINGS MILLS,MD,21117,201,Route 201 Driver,Baltimore County,Baltimore County,Baltimore County,39.4199,-76.7806,
WMW00095,WMW00095,Walmart 95,Patrick Henry Way,Charles Town,WV,25414,0,,Unassigned,Unassigned,Unassigned,39.292652568574056,-77.85523987995825,
WMW01674,WMW01674,Walmart 1674,17850 Garland Groh Blvd,Hagerstown,MD,21740,0,,Unassigned,Unassigned,Unassigned,39.632936730222895,-77.721562833599,
WMW01703,WMW01703,Walmart 1703,800 Foxcroft Ave,Martinsburg,WV,25401,201,Route 201 Driver,West Virginia Eastern Panhandle,West Virginia Eastern Panhandle,West Virginia Eastern Panhandle,39.45995256857405,-77.95913987995824,
WMW03344,WMW03344,Walmart 3344,501 Walmart Dr,Winchester,VA,22603,201,Route 201 Driver,Virginia Northern,Virginia Northern,Virginia Northern,39.17683673022289,-78.164862833599,
WMW05105,WMW05105,Walmart 5105,10 Riverton Commons Dr,Front Royal,VA,22630,0,,Unassigned,Unassigned,Unassigned,38.91826146722824,-78.19738858409427,
Wal-2,Wal-2,Walmart Supercenter Dover,36 Jerome Dr,Dover,DE,19901,110,,Eastern Shore Maryland,Dover,Unassigned,39.168320697349756,-75.53084759530016,
cash-de-101,cash-de-101,nothing better llc Cash,14882 Hardscrabble Rd,Seaford,DE,19973,106,anthony,Unassigned,Unassigned,Unassigned,38.644952568574055,-75.60623987995825,2025-10-22 16:49:23
g-3,g-3,Geresbecks Food Market Pasadena,8489 Fort Smallwood Rd,Pasadena,MD,21122,100,Cindy,Unassigned,Unassigned,Unassigned,39.107561467228244,-76.57438858409427,
S121,S121,Salibury Storage,2309 E Naylor Mill Rd,Salisbury,MD,21804,0,,Unassigned,Unassigned,Unassigned,38.37082069734976,-75.60584759530016,
CMW05018,05018,Comm Ft Myer 5018,523 CARPENTER RD,Fort Myer,VA,22211,209,Route 209 Driver,Northern Virginia,Fort Myer,Fort Myer,38.88,-77.08,2026-02-07
CMW05235,05235,Comm Ft Belvoir 5235,6020 GORGAS RD,Fort Belvoir,VA,22060,209,Route 209 Driver,Northern Virginia,Fort Belvoir,Fort Belvoir,38.7119,-77.1457,2026-02-07
CMW05237,05237,Comm Quantico 5237,3400 RUSSELL RD,Quantico,VA,22134,209,Route 209 Driver,Northern Virginia,Quantico,Quantico,38.5225,-77.2919,2026-02-04
FLW00378,00378,Food Lion 0378,613 FROST AVE,Warrenton,VA,20186,209,Route 209 Driver,Northern Virginia,Warrenton,Warrenton,38.7135,-77.7953,2026-01-23
FLW00738,00738,Food Lion 0738,6358 VILLAGE CENTER DR,Bealeton,VA,22712,209,Route 209 Driver,Northern Virginia,Bealeton,Bealeton,38.5718,-77.7639,2026-01-23
FLW00943,00943,Food Lion 0943,7760 GUNSTON PLZ,Lorton,VA,22079,209,Route 209 Driver,Northern Virginia,Lorton,Lorton,38.7042,-77.2275,2026-02-03
FLW01161,01161,Food Lion 1161,46081 BRIARCROFT PLZ,Sterling,VA,20164,209,Route 209 Driver,Northern Virginia,Sterling,Sterling,39.00666146722824,-77.43158858409427,2026-01-22
FLW01185,01185,Food Lion 1185,720 S KING ST,Leesburg,VA,20175,209,Route 209 Driver,Northern Virginia,Leesburg,Leesburg,39.11596146722824,-77.56658858409426,2026-01-22
FLW01208,01208,Food Lion 1208,13490 DUMFRIES RD,Manassas,VA,20112,209,Route 209 Driver,Northern Virginia,Manassas,Manassas,38.7509,-77.4753,2026-02-06
FLW01226,01226,Food Lion 1226,14641 JEFFERSON DAVIS HWY,Woodbridge,VA,22191,209,Route 209 Driver,Northern Virginia,Woodbridge,Woodbridge,38.6582,-77.2497,2026-02-06
FLW01249,01249,Food Lion 1249,5227 WATERWAY DR,Dumfries,VA,22026,209,Route 209 Driver,Northern Virginia,Dumfries,Dumfries,38.5685,-77.3281,2026-02-06
FLW01261,01261,Food Lion 1261,13414 JEFFERSON DAVIS HWY,Woodbridge,VA,22191,209,Route 209 Driver,Northern Virginia,Woodbridge,Woodbridge,38.65846146722824,-77.25268858409427,2026-01-20
FLW01322,01322,Food Lion 1322,3059 CENTERVILLE RD,Herndon,VA,20171,209,Route 209 Driver,Northern Virginia,Herndon,Herndon,38.9696,-77.3861,2026-01-19
FLW01337,01337,Food Lion 1337,20789 GREAT FALLS PLZ,Sterling,VA,20165,209,Route 209 Driver,Northern Virginia,Sterling,Sterling,39.010052568574054,-77.42383987995825,2026-01-22
FLW01383,01383,Food Lion 1383,9121 CENTERVILLE RD,Manassas,VA,20110,209,Route 209 Driver,Northern Virginia,Manassas,Manassas,38.75116146722824,-77.47828858409427,2026-01-23
FLW01471,01471,Food Lion 1471,17120 JEFFERSON DAVIS HWY,Dumfries,VA,22026,209,Route 209 Driver,Northern Virginia,Dumfries,Dumfries,38.56876146722824,-77.33108858409427,2026-02-05
FLW01572,01572,Food Lion 1572,14630 MINNEVILLE RD,Dale City,VA,22193,209,Route 209 Driver,Northern Virginia,Dale City,Dale City,38.637,-77.3109,2026-01-21
FLW01588,01588,Food Lion 1588,4195 WINCHESTER RD,Marshall,VA,20115,209,Route 209 Driver,Northern Virginia,Marshall,Marshall,38.8651,-77.8576,2026-01-23
FLW02518,02518,Food Lion 2518,12420 DILLINGHAM SQ,Lake Ridge,VA,22192,209,Route 209 Driver,Northern Virginia,Lake Ridge,Lake Ridge,38.682,-77.2996,2026-01-21
FLW02597,02597,Food Lion 2597,6306 HOADLEY RD,Manassas,VA,20112,209,Route 209 Driver,Northern Virginia,Manassas,Manassas,38.754552568574056,-77.47053987995825,2026-02-06
WGW00049,00049,Wegmans 049,7505 HILLTOP VILLAGE CTR DR,Alexandria,VA,22315,209,Route 209 Driver,Northern Virginia,Alexandria,Alexandria,38.8048,-77.0469,2025-12-05
WGW00055,00055,Wegmans 055,14801 DINING WAY,Woodbridge,VA,22191,209,Route 209 Driver,Northern Virginia,Woodbridge,Woodbridge,38.661852568574055,-77.24493987995825,2025-11-13
CASH0543,CASH0543,Marlton Spirits,9518 Crain Hwy,Upper Marlboro,MD,20772,207,Route 207 Driver,Prince George's County,Prince George's County,Prince George's County,38.816261467228244,-76.75268858409427,
CMW00001,CMW00001,Comm Bolling AFB 0001,185 CHAPPIE JAMES BLVD,Bolling AFB,DC,20032,207,Route 207 Driver,Washington DC,Washington DC,Washington DC,38.8396,-77.013,
CMW05119,CMW05119,Comm Andrew AFB 5119,1684 STARKEY AVE,JB Andrews,MD,20762,207,Route 207 Driver,Prince George's County,Prince George's County,Prince George's County,38.8108,-76.866,
CMW05222,CMW05222,Comm Ft Meade 5222,2786 MACARTHUR RD,Fort Meade,MD,20755,207,Route 207 Driver,Anne Arundel County,Anne Arundel County,Anne Arundel County,39.1087,-76.7434,
CMW05241,CMW05241,Bolling commissary,185 Chappie James Blvd,Washington,DC,20032,207,Route 207 Driver,Washington DC,Washington DC,Washington DC,38.907461467228245,-77.03988858409427,
CMW5024,CMW5024,Comm Ft Patuxent 5024,22155 Cuddihy Rd,Patuxent River,MD,20670,207,Route 207 Driver,Southern Maryland,Southern Maryland,Southern Maryland,38.2856,-76.4283,
WAW01985,WAW01985,Walmart 1985,3549 Russett Green East,Laurel,MD,20724,207,Route 207 Driver,Anne Arundel County,Anne Arundel County,Anne Arundel County,39.09043673022289,-76.84986283359899,
WAW03490,WAW03490,Walmart 3490,7081 Arundel Mills Circle,Hanover,MD,21076,207,Route 207 Driver,Anne Arundel County,Anne Arundel County,Anne Arundel County,39.193161467228244,-76.72718858409426,
CASH0520,CASH0520,Dagmar Hotel,50 Summit Ave,Hagerstown,MD,21740,201,Route 201 Driver,Maryland Western,Maryland Western,Maryland Western,39.65192069734976,-77.72644759530016,
CASH0545,CASH0545,Sandy Jaks LLC,14407 Hollow RD,Hancock,MD,21750,201,Route 201 Driver,Maryland Western,Maryland Western,Maryland Western,39.69806146722824,-78.18268858409427,
CASH1111,CASH1111,40 West Deli,15142 National Pike,Hagerstown,MD,21740,201,Route 201 Driver,Maryland Western,Maryland Western,Maryland Western,39.637917714323464,-77.70551111260566,
SFW02674,SFW02674,Shoppers Food Whse 2674,4174 Fortuna Ctr Plaza,Dumfries,VA,22025,201,Route 201 Driver,Virginia Northern,Virginia Northern,Virginia Northern,38.572152568574054,-77.32333987995825,
WMW00081,WMW00081,Weis Markets 081,31 Eastern Blvd N,Hagerstown,MD,21740,201,Route 201 Driver,Maryland Western,Maryland Western,Maryland Western,39.63348852496177,-77.7359661949972,
WMW00100,WMW00100,Weis Markets 100,2 Old Camp Rd,Frederick,MD,21702,201,Route 201 Driver,Maryland Central,Maryland Central,Maryland Central,39.405988524961764,-77.4264661949972,
WMW00108,WMW00108,Weis Markets 108,1102 S Queen St,Martinsburg,WV,25401,201,Route 201 Driver,West Virginia Eastern Panhandle,West Virginia Eastern Panhandle,West Virginia Eastern Panhandle,39.44743673022289,-77.96546283359899,
WMW00172,WMW00172,Weis Markets 172,550 W Macphail Rd,Bel Air,MD,21014,214,Route 214 Driver,Harford County,Harford County,Harford County,39.5359,-76.3483,
WMW00193,WMW00193,Weis Markets 193,943 Pulaski Hwy,Havre De Grace,MD,21078,214,Route 214 Driver,Harford County,Harford County,Harford County,39.5493,-76.0916,
